use heroku_302d334300409a7;
CREATE TABLE product (
   id INT AUTO_INCREMENT PRIMARY KEY,
   name VARCHAR(100) NOT NULL,
   price INT NOT NULL,
   type VARCHAR(100) DEFAULT "ALL",
   created_at TIMESTAMP DEFAULT NOW()
);
CREATE TABLE description(
  id INT AUTO_INCREMENT PRIMARY KEY,
  name_id INT NOT NULL,
  description VARCHAR(2000),
  FOREIGN KEY (name_id) REFERENCES product(id)
);
CREATE TABLE details (
  id INT AUTO_INCREMENT PRIMARY KEY,
  color VARCHAR(30),
  image_url VARCHAR(200) UNIQUE NOT NULL,
  name_id INT,
  FOREIGN KEY (name_id) REFERENCES product(id)
);

CREATE TABLE users (
  id INT NOT NULL AUTO_INCREMENT PRIMARY KEY,
  name VARCHAR(100),
  username VARCHAR(100) UNIQUE NOT NULL,
  email VARCHAR(100) UNIQUE,
  password VARCHAR(100) NOT NULL
);

CREATE TABLE reviews (
  id INT AUTO_INCREMENT PRIMARY KEY,
  review VARCHAR(1000) NOT NULL,
  name_id INT,
  user_id INT,
  summary VARCHAR(100),
  created TIMESTAMP DEFAULT NOW(),
  FOREIGN KEY (name_id) REFERENCES product(id),
  FOREIGN KEY (user_id) REFERENCES users(id)
);
CREATE TABLE wishlist (
  name_id INT,
  user_id INT,
  size INT,
  detail_id INT,
  color VARCHAR(50),
  FOREIGN KEY (name_id) REFERENCES product(id),
  FOREIGN KEY (user_id) REFERENCES users(id),
  FOREIGN KEY (detail_id) REFERENCES details(name_id)
);
INSERT INTO product (id,name, price, type) VALUES
(1,"Air Jordan 1 Retro High Flyknit",160,"Lifestyle"),
(2,"Nike Free RN 2018",110, "Running"),
(3,"Nike Odyssey React",130,"Running"),
(4,"Nike Air Max 270",150, "Lifestyle"),
(5,"Nike Air Max 270 Flyknit",170,"Lifestyle"),
(6,"Nike Hypervenom Phantom III Academy Dynamic Fit FG", 90,"Football"),
(7,"Nike Zoom Vaporfly 4%",250,"Running"),
(8,"Nike Zoom Fly",150,"Running"),
(9,"Nike Presto Fly",100,"Lifestyle"),
(10,"Nike Air Zoom Structure 21",120,"Running"),
(11,"LeBron Witness II",100,"Basketball"),
(12,"Jordan Flight Legend",100,"Basketball"),
(13,"Nike Air Zoom Vomero 13",140,"Running"),
(14,"Nike Flex 2018 RN",100,"Running"),
(15,"Nike TiempoX Lunar Legend VII Pro 10R TF",100,"Football"),
(16,"Nike Hypervenom Phantom III Elite FG",240,"Football");


INSERT INTO description(name_id,description) VALUES
(1,"The Air Jordan 1 Retro High Flyknit Men's Shoe updates the iconic original with lightweight, flexible Flyknit."),
(2,"Made for short runs, from your daily 5K to that spontaneous sprint, the Nike Free RN 2018 Men's Running Shoe is as flexible as ever. The innovative sole has an updated design, yet still delivers a comfortable, barefoot-like feel. Easily worn with your everyday outfit, or packed in a tote or backpack for a quick change, these are the most versatile in the Free RN family. So you can be up for anything."),
(3,"The Nike Odyssey React Men's Running Shoe provides crazy comfort that lasts as long as you can run. Its Nike React foam cushioning is responsive yet lightweight, durable yet soft. This attraction of opposites creates a sensation that not only enhances the feeling of moving forwards, but makes running feel fun, too. The upper of the Nike Odyssey React is built with a lightweight, breathable fabric instead of the premium Flyknit featured on the Nike Epic React."),
(4,"The Nike Air Max 270 Men's Shoe is inspired by two icons of big Air: the Air Max 180 and Air Max 93. It features Nike's biggest heel Air unit yet for a super-soft ride that feels as impossible as it looks."),
(5,"Feel the Air, both above and below, with the Nike Air Max 270 Flyknit Men's Shoe. It features Nike's biggest heel Air unit yet, plus an ultra-breathable Flyknit upper that helps keep you cool when the temperatures rise. Classic colour combinations nod to iconic Air Max models of the past, delivering a modern, streamlined look that's rooted in Nike sneaker heritage."),
(6,"The Nike Hypervenom Phantom III Academy Dynamic Fit Firm-Ground Football Boot features a combination construction for comfortable containment, while an aggressive allover texture enhances touch. A Dynamic Fit collar provides a supportive, sock-like fit."),
(7,"Nike's fastest, most efficient marathon shoe just keeps winning. Shalane Flanagan stormed to victory in it in New York, becoming the first American woman to win that marathon since 1977. She joins runners like Galen Rupp (2:09:20, Chicago), Edna Kiplagat (2:21:52, Boston) and Eliud Kipchoge (Berlin, Breaking2), all of whom took 2017's biggest races in the Nike Zoom Vaporfly 4%."),
(8,"The Nike Zoom Fly Men's Running Shoe is designed to meet the demands of your toughest tempo runs, long runs and race day with a responsive construction that turns the pressure of each stride into energy return for the next."),
(9,"A remake of the 2000 original, the Nike Presto Fly Men's Shoe delivers a T-shirt-like feel for your foot, with a breathable, incredibly flexible upper."),
(10,"Lighter and stronger than the previous version, the Nike Air Zoom Structure 21 (Wide) Men's Running Shoe provides the stability and support that made it a favourite. Softer, lightweight Flymesh material helps keep your feet cool, while responsive Nike Zoom Air cushioning in the forefoot gives you a snappy, springy feeling underfoot."),
(11,"The LeBron Witness II Men's Basketball Shoe is made for players who want speed without sacrificing power. This shoe wraps your heel for locked-in support while Nike Zoom Air cushioning helps you explode off the court for quick cuts and jumps."),
(12, "The Jordan Flight Legend Men's Shoe delivers an elevated look and comfort off the court with premium materials on the upper and plush cushioning underfoot."),
(13,"The Nike Air Zoom Vomero 13 Men's Running Shoe feels, and even looks, soft and plush. Yet, it provides incredible support to help you run your best, from your first 5K to your latest marathon. Updated Flywire cables help secure your foot, while Nike Zoom Air cushioning delivers an ultra-responsive feel with each stride."),
(14,"The Nike Flex 2018 RN Men's Running Shoe helps keep you light on your feet from start to finish with a breathable upper and lightweight, flexible outsole."),
(15,"The Nike TiempoX Lunar Legend VII Pro 10R Artificial-Turf Football Shoe combines responsive foam cushioning and a premium leather construction for dominating touch when playing on artificial surfaces. Signature 10R details celebrate Ronaldinho's success in storied football cities throughout his career."),
(16,"Made for the attacking goalscorer, the Nike Hypervenom Phantom III Elite Firm-Ground Football Boot is designed to increase shot velocity and enable dynamic changes of direction on short-grass pitches.");






INSERT INTO details(name_id, color, image_url) VALUES
(1, "black", "https://c.static-nike.com/a/images/t_PDP_864_v1/f_auto/pomtwukqg3l0ixuerhhf/air-jordan-1-retro-high-flyknit-shoe-z3TlZbjM.jpg"),
(1, "black", "https://c.static-nike.com/a/images/t_PDP_864_v1/f_auto/ypfg25cuw0pkeeesacrn/air-jordan-1-retro-high-flyknit-shoe-z3TlZbjM.jpg"),
(1, "black", "https://c.static-nike.com/a/images/t_PDP_864_v1/f_auto/fyhnssvdfaut5r4gg0lf/air-jordan-1-retro-high-flyknit-shoe-z3TlZbjM.jpg"),
(1, "black", "https://c.static-nike.com/a/images/t_PDP_864_v1/f_auto/e4qixiqr7vqmv4ov2zsy/air-jordan-1-retro-high-flyknit-shoe-z3TlZbjM.jpg"),
(1, "black", "https://c.static-nike.com/a/images/t_PDP_864_v1/f_auto/unwdzbl6xyh0ek0dhkar/air-jordan-1-retro-high-flyknit-shoe-z3TlZbjM.jpg"),
(1, "black", "https://c.static-nike.com/a/images/t_PDP_864_v1/f_auto/enpryzi5afg3xz8xin9r/air-jordan-1-retro-high-flyknit-shoe-z3TlZbjM.jpg"),
(2, "gray", "https://c.static-nike.com/a/images/t_PDP_864_v1/f_auto/yzlvhnfa09uqt4rmntov/free-rn-2018-running-shoe-jgXcqS.jpg"),
(2, "gray", "https://c.static-nike.com/a/images/t_PDP_864_v1/f_auto/jaapp8qbrtnlcrumypbn/free-rn-2018-running-shoe-jgXcqS.jpg"),
(2, "gray", "https://c.static-nike.com/a/images/t_PDP_864_v1/f_auto/ryapy2wadq7vpryukmvm/free-rn-2018-running-shoe-jgXcqS.jpg"),
(2, "gray", "https://c.static-nike.com/a/images/t_PDP_864_v1/f_auto/gshraapezklkxdxwq507/free-rn-2018-running-shoe-jgXcqS.jpg"),
(2, "gray", "https://c.static-nike.com/a/images/t_PDP_864_v1/f_auto/kqbohf9r4f3bxi5km9fv/free-rn-2018-running-shoe-jgXcqS.jpg"),
(2, "gray", "https://c.static-nike.com/a/images/t_PDP_864_v1/f_auto/esplcr5sl1yxrzplgjhd/free-rn-2018-running-shoe-jgXcqS.jpg"),
(2, "gray", "https://c.static-nike.com/a/images/t_PDP_864_v1/f_auto/wkmyrox1mrmedkfkxpks/free-rn-2018-running-shoe-jgXcqS.jpg"),
(2, "green", "https://c.static-nike.com/a/images/t_PDP_864_v1/f_auto/ccxl4idvltd9wpiuz4xy/free-rn-2018-running-shoe-jgXcqS.jpg"),
(2, "green", "https://c.static-nike.com/a/images/t_PDP_864_v1/f_auto/klskowhs86yj9vrht5eq/free-rn-2018-running-shoe-jgXcqS.jpg"),
(2, "green", "https://c.static-nike.com/a/images/t_PDP_864_v1/f_auto/dn79u9rwpgrmosrdmkrm/free-rn-2018-running-shoe-jgXcqS.jpg"),
(2, "green", "https://c.static-nike.com/a/images/t_PDP_864_v1/f_auto/uwkmgbugr5xlcz3z6tle/free-rn-2018-running-shoe-jgXcqS.jpg"),
(2, "green", "https://c.static-nike.com/a/images/t_PDP_864_v1/f_auto/jmbcuk66vxjlnmc4dwro/free-rn-2018-running-shoe-jgXcqS.jpg"),
(2, "green", "https://c.static-nike.com/a/images/t_PDP_864_v1/f_auto/riaqbv9yfffe2ct39hk9/free-rn-2018-running-shoe-jgXcqS.jpg"),
(2, "green", "https://c.static-nike.com/a/images/t_PDP_864_v1/f_auto/btfgvq9sthzavavfbana/free-rn-2018-running-shoe-jgXcqS.jpg"),
(2, "green", "https://c.static-nike.com/a/images/t_PDP_864_v1/f_auto/ku9w6kilk2mrv4h1ohca/free-rn-2018-running-shoe-jgXcqS.jpg"),
(2, "green", "https://c.static-nike.com/a/images/t_PDP_864_v1/f_auto/woum5htwipnxecqrhl2r/free-rn-2018-running-shoe-jgXcqS.jpg"),
(3,"gray","https://c.static-nike.com/a/images/t_PDP_864_v1/f_auto/l7mgxazdwtztdtyirobh/odyssey-react-running-shoe-18JgFr.jpg"),
(3,"gray","https://c.static-nike.com/a/images/t_PDP_864_v1/f_auto/amppoj01ddljedsdvmsq/odyssey-react-running-shoe-18JgFr.jpg"),
(3,"gray","https://c.static-nike.com/a/images/t_PDP_864_v1/f_auto/vbozzvfs4ccokupvbmdu/odyssey-react-running-shoe-18JgFr.jpg"),
(3,"gray","https://c.static-nike.com/a/images/t_PDP_864_v1/f_auto/gumbm55k4y1j9cqm6inc/odyssey-react-running-shoe-18JgFr.jpg"),
(3,"gray","https://c.static-nike.com/a/images/t_PDP_864_v1/f_auto/ovggxtnbkjvq5c7c8hat/odyssey-react-running-shoe-18JgFr.jpg"),
(3,"black","https://c.static-nike.com/a/images/t_PDP_864_v1/f_auto/ms8jq491fqaacieyslpx/odyssey-react-running-shoe-18JgFr.jpg"),
(3,"black","https://c.static-nike.com/a/images/t_PDP_864_v1/f_auto/tca8bc0gkqf6mmrxe6dl/odyssey-react-running-shoe-18JgFr.jpg"),
(3,"black","https://c.static-nike.com/a/images/t_PDP_864_v1/f_auto/nazzkbsfi6nwnawqxeyw/odyssey-react-running-shoe-18JgFr.jpg"),
(3,"black","https://c.static-nike.com/a/images/t_PDP_864_v1/f_auto/fjgw2pa3s3sjyrgpae1x/odyssey-react-running-shoe-18JgFr.jpg"),
(3,"black","https://c.static-nike.com/a/images/t_PDP_864_v1/f_auto/gsoi9n7enwpt91e7zaiw/odyssey-react-running-shoe-18JgFr.jpg"),
(3,"black","https://c.static-nike.com/a/images/t_PDP_864_v1/f_auto/tnnkvukvuxiqi1gpmplq/odyssey-react-running-shoe-18JgFr.jpg"),
(3,"red","https://c.static-nike.com/a/images/t_PDP_864_v1/f_auto/pl3fmn1g8prnx70yxls0/odyssey-react-running-shoe-18JgFr.jpg"),
(3,"red","https://c.static-nike.com/a/images/t_PDP_864_v1/f_auto/enr831fzwtmi5nazfcp3/odyssey-react-running-shoe-18JgFr.jpg"),
(3,"red","https://c.static-nike.com/a/images/t_PDP_864_v1/f_auto/pq81xxesc9bmcpsdghow/odyssey-react-running-shoe-18JgFr.jpg"),
(3,"red","https://c.static-nike.com/a/images/t_PDP_864_v1/f_auto/p9myugiauawp6h6rgzau/odyssey-react-running-shoe-18JgFr.jpg"),
(3,"red","https://c.static-nike.com/a/images/t_PDP_864_v1/f_auto/cqmnadtejdlvlbwl1sjx/odyssey-react-running-shoe-18JgFr.jpg"),
(3,"red","https://c.static-nike.com/a/images/t_PDP_864_v1/f_auto/mwrrpoypgxsngcowkkgq/odyssey-react-running-shoe-18JgFr.jpg"),
(3,"red","https://c.static-nike.com/a/images/t_PDP_864_v1/f_auto/uwdzhuerbvwr48btzq0u/odyssey-react-running-shoe-18JgFr.jpg"),
(3,"red","https://c.static-nike.com/a/images/t_PDP_864_v1/f_auto/mj1hmvrciqgrnaxonkg1/odyssey-react-running-shoe-18JgFr.jpg"),
(4,"green","https://c.static-nike.com/a/images/t_PDP_864_v1/f_auto/gjf2vwridlzswmu8axkr/air-max-270-shoe-ntl0RF.jpg"),
(4,"green","https://c.static-nike.com/a/images/t_PDP_864_v1/f_auto/pptbwzqumzcejse1qshl/air-max-270-shoe-ntl0RF.jpg"),
(4,"green","https://c.static-nike.com/a/images/t_PDP_864_v1/f_auto/jzlwzomjcnwklp4lywrz/air-max-270-shoe-ntl0RF.jpg"),
(4,"green","https://c.static-nike.com/a/images/t_PDP_864_v1/f_auto/eirqtzrk6jee2tw8ano7/air-max-270-shoe-ntl0RF.jpg"),
(4,"green","https://c.static-nike.com/a/images/t_PDP_864_v1/f_auto/kpd9rzkisvqjjzxwuvfw/air-max-270-shoe-ntl0RF.jpg"),
(4,"black","https://c.static-nike.com/a/images/t_PDP_864_v1/f_auto/le0cefrpx8opdq4n5jsz/air-max-270-shoe-ntl0RF.jpg"),
(4,"black","https://c.static-nike.com/a/images/t_PDP_864_v1/f_auto/tg5tjenx8eypeetzvqcv/air-max-270-shoe-ntl0RF.jpg"),
(4,"black","https://c.static-nike.com/a/images/t_PDP_864_v1/f_auto/gxkg6dqnas9rulv6qyh2/air-max-270-shoe-ntl0RF.jpg"),
(4,"black","https://c.static-nike.com/a/images/t_PDP_864_v1/f_auto/m10tihozjb0qa13vbvsq/air-max-270-shoe-ntl0RF.jpg"),
(4,"black","https://c.static-nike.com/a/images/t_PDP_864_v1/f_auto/fny0gz5usmclqjrfh85p/air-max-270-shoe-ntl0RF.jpg"),
(4,"black","https://c.static-nike.com/a/images/t_PDP_864_v1/f_auto/cnbx3699ditzqkatyqtm/air-max-270-shoe-ntl0RF.jpg"),
(5,"blue","https://c.static-nike.com/a/images/t_PDP_864_v1/f_auto/x3vnyq7lxpmqcbkuxwzw/air-max-270-flyknit-shoe-1ld5NV.jpg"),
(5,"blue","https://c.static-nike.com/a/images/t_PDP_864_v1/f_auto/sqnusbmeds1pcnb4so5k/air-max-270-flyknit-shoe-1ld5NV.jpg"),
(5,"blue","https://c.static-nike.com/a/images/t_PDP_864_v1/f_auto/yhdx0kfaqhwtlknrlyir/air-max-270-flyknit-shoe-1ld5NV.jpg"),
(5,"blue","https://c.static-nike.com/a/images/t_PDP_864_v1/f_auto/xhq89zje1eei2bdyqf1h/air-max-270-flyknit-shoe-1ld5NV.jpg"),
(5,"blue","https://c.static-nike.com/a/images/t_PDP_864_v1/f_auto/dtdlqznwqpfgdurmavbb/air-max-270-flyknit-shoe-1ld5NV.jpg"),
(5,"blue","https://c.static-nike.com/a/images/t_PDP_864_v1/f_auto/urmp4lxxscvmfjf1f3no/air-max-270-flyknit-shoe-1ld5NV.jpg"),
(5,"blue orange","https://c.static-nike.com/a/images/t_PDP_864_v1/f_auto/n6ozgd1xocx2qckor572/air-max-270-flyknit-shoe-1ld5NV.jpg"),
(5,"blue orange","https://c.static-nike.com/a/images/t_PDP_864_v1/f_auto/lwl1hkqr0vlz4vbk1ywc/air-max-270-flyknit-shoe-1ld5NV.jpg"),
(5,"blue orange","https://c.static-nike.com/a/images/t_PDP_864_v1/f_auto/rstpwizafstu3gsnw7rg/air-max-270-flyknit-shoe-1ld5NV.jpg"),
(5,"blue orange","https://c.static-nike.com/a/images/t_PDP_864_v1/f_auto/juybfinyn9yfnfcxmzox/air-max-270-flyknit-shoe-1ld5NV.jpg"),
(5,"blue orange","https://c.static-nike.com/a/images/t_PDP_864_v1/f_auto/kgfrlb8znx2auqr1fpjb/air-max-270-flyknit-shoe-1ld5NV.jpg"),
(5,"blue orange","https://c.static-nike.com/a/images/t_PDP_864_v1/f_auto/ni0rbnhdm9xnafepjtqd/air-max-270-flyknit-shoe-1ld5NV.jpg"),
(6,"gray orange","https://c.static-nike.com/a/images/t_PDP_864_v1/f_auto/csslsj0jsj2sv4gbaumt/hypervenom-phantom-iii-academy-dynamic-fit-football-boot-QTRwm8.jpg"),
(6,"gray orange","https://c.static-nike.com/a/images/t_PDP_864_v1/f_auto/jgztf2sywp2lzqtthl1k/hypervenom-phantom-iii-academy-dynamic-fit-football-boot-QTRwm8.jpg"),
(6,"gray orange","https://c.static-nike.com/a/images/t_PDP_864_v1/f_auto/sdd72deqqkyxlwtkxmrw/hypervenom-phantom-iii-academy-dynamic-fit-football-boot-QTRwm8.jpg"),
(6,"gray orange","https://c.static-nike.com/a/images/t_PDP_864_v1/f_auto/mopx9ozfr4p3benzgkno/hypervenom-phantom-iii-academy-dynamic-fit-football-boot-QTRwm8.jpg"),
(6,"gray orange","https://c.static-nike.com/a/images/t_PDP_864_v1/f_auto/lmikxmvrssvbx8vwbl32/hypervenom-phantom-iii-academy-dynamic-fit-football-boot-QTRwm8.jpg"),
(6,"gray orange","https://c.static-nike.com/a/images/t_PDP_864_v1/f_auto/ie06qaag3sksxout0w2c/hypervenom-phantom-iii-academy-dynamic-fit-football-boot-QTRwm8.jpg"),
(6,"gray orange","https://c.static-nike.com/a/images/t_PDP_864_v1/f_auto/dspvaez9ql7v2yzubmrn/hypervenom-phantom-iii-academy-dynamic-fit-football-boot-QTRwm8.jpg"),
(6,"black","https://c.static-nike.com/a/images/t_PDP_864_v1/f_auto/ewhycsidwujlhvgwfzbn/hypervenom-phantom-iii-academy-dynamic-fit-fg-football-boot-QTRwm8.jpg"),
(6,"black","https://c.static-nike.com/a/images/t_PDP_864_v1/f_auto/qsw56sjmizm67anjqzef/hypervenom-phantom-iii-academy-dynamic-fit-fg-football-boot-QTRwm8.jpg"),
(6,"black","https://c.static-nike.com/a/images/t_PDP_864_v1/f_auto/j4n72vpgppf6jbfilqlh/hypervenom-phantom-iii-academy-dynamic-fit-fg-football-boot-QTRwm8.jpg"),
(6,"black","https://c.static-nike.com/a/images/t_PDP_864_v1/f_auto/qfdvvbz6snihfnv0tun0/hypervenom-phantom-iii-academy-dynamic-fit-fg-football-boot-QTRwm8.jpg"),
(6,"black","https://c.static-nike.com/a/images/t_PDP_864_v1/f_auto/yqstshd6cxrgi2k0kbid/hypervenom-phantom-iii-academy-dynamic-fit-fg-football-boot-QTRwm8.jpg"),
(6,"black","https://c.static-nike.com/a/images/t_PDP_864_v1/f_auto/iemth2mrjlmf8deyex9q/hypervenom-phantom-iii-academy-dynamic-fit-fg-football-boot-QTRwm8.jpg"),
(6,"black","https://c.static-nike.com/a/images/t_PDP_864_v1/f_auto/ndox9zazb4zmdskgzoxs/hypervenom-phantom-iii-academy-dynamic-fit-fg-football-boot-QTRwm8.jpg"),
(7,"red","https://c.static-nike.com/a/images/t_PDP_864_v1/f_auto/rlnuykqeethw0bpmnlah/zoom-vaporfly-4-running-shoe-z3TlZPdk.jpg"),
(7,"red","https://c.static-nike.com/a/images/t_PDP_864_v1/f_auto/khr8yvklstinfvfqy1tu/zoom-vaporfly-4-running-shoe-z3TlZPdk.jpg"),
(7,"red","https://c.static-nike.com/a/images/t_PDP_864_v1/f_auto/ou28cfdnnlvarqysagdy/zoom-vaporfly-4-running-shoe-z3TlZPdk.jpg"),
(7,"red","https://c.static-nike.com/a/images/t_PDP_864_v1/f_auto/keatdanzpupgyrcz6ozp/zoom-vaporfly-4-running-shoe-z3TlZPdk.jpg"),
(7,"red","https://c.static-nike.com/a/images/t_PDP_864_v1/f_auto/kzcaqtawjs6zmzoumaaf/zoom-vaporfly-4-running-shoe-z3TlZPdk.jpg"),
(7,"red","https://c.static-nike.com/a/images/t_PDP_864_v1/f_auto/fdibxg6wrf9c1niju5ga/zoom-vaporfly-4-running-shoe-z3TlZPdk.jpg"),
(7,"blue","https://c.static-nike.com/a/images/t_PDP_864_v1/f_auto/fzv5g9vdoexcky0jbbcv/zoom-vaporfly-4-running-shoe-z3TlZPdk.jpg"),
(7,"blue","https://c.static-nike.com/a/images/t_PDP_864_v1/f_auto/pe4jdtnwfskqdkk0ccw4/zoom-vaporfly-4-running-shoe-z3TlZPdk.jpg"),
(7,"blue","https://c.static-nike.com/a/images/t_PDP_864_v1/f_auto/brymkko57unthvob5c8s/zoom-vaporfly-4-running-shoe-z3TlZPdk.jpg"),
(7,"blue","https://c.static-nike.com/a/images/t_PDP_864_v1/f_auto/pfq62c4eec7cnlbtikcp/zoom-vaporfly-4-running-shoe-z3TlZPdk.jpg"),
(7,"blue","https://c.static-nike.com/a/images/t_PDP_864_v1/f_auto/ha7v8gmv289aogcw8pnq/zoom-vaporfly-4-running-shoe-z3TlZPdk.jpg"),
(7,"blue","https://c.static-nike.com/a/images/t_PDP_864_v1/f_auto/lievpoz5gwvm218v4ugu/zoom-vaporfly-4-running-shoe-z3TlZPdk.jpg"),
(7,"blue","https://c.static-nike.com/a/images/t_PDP_864_v1/f_auto/y01pmsgbw3qntvojefqs/zoom-vaporfly-4-running-shoe-z3TlZPdk.jpg"),
(7,"blue","https://c.static-nike.com/a/images/t_PDP_864_v1/f_auto/nn7xlz2ploqp5yaexek4/zoom-vaporfly-4-running-shoe-z3TlZPdk.jpg"),
(7,"white blue","https://c.static-nike.com/a/images/t_PDP_864_v1/f_auto/j4eilvqrqxjlc8ak09kx/zoom-vaporfly-4-running-shoe-z3TlZPdk.jpg"),
(7,"white blue","https://c.static-nike.com/a/images/t_PDP_864_v1/f_auto/swcovi85rk8scgw1okne/zoom-vaporfly-4-running-shoe-z3TlZPdk.jpg"),
(7,"white blue","https://c.static-nike.com/a/images/t_PDP_864_v1/f_auto/nfrbjgwwanqcxd814fvk/zoom-vaporfly-4-running-shoe-z3TlZPdk.jpg"),
(7,"white blue","https://c.static-nike.com/a/images/t_PDP_864_v1/f_auto/qtrug6pjpeyuapqtgtep/zoom-vaporfly-4-running-shoe-z3TlZPdk.jpg"),
(7,"white blue","https://c.static-nike.com/a/images/t_PDP_864_v1/f_auto/pylcbi6aqgkzipujptlx/zoom-vaporfly-4-running-shoe-z3TlZPdk.jpg"),
(7,"white blue","https://c.static-nike.com/a/images/t_PDP_864_v1/f_auto/kkiejzzipcuznnkooa6q/zoom-vaporfly-4-running-shoe-z3TlZPdk.jpg"),
(7,"white blue","https://c.static-nike.com/a/images/t_PDP_864_v1/f_auto/cwu5q4jdeyhukthzantd/zoom-vaporfly-4-running-shoe-z3TlZPdk.jpg"),
(7,"white blue","https://c.static-nike.com/a/images/t_PDP_864_v1/f_auto/omcwfiwsn1zhajntxkwz/zoom-vaporfly-4-running-shoe-z3TlZPdk.jpg"),
(8,"blue","https://c.static-nike.com/a/images/t_PDP_864_v1/f_auto/we9kgyqtmazihwonjkjv/zoom-fly-running-shoe-1qTbMgEk.jpg"),
(8,"blue","https://c.static-nike.com/a/images/t_PDP_864_v1/f_auto/r3mvi74lz422uiva1t8c/zoom-fly-running-shoe-1qTbMgEk.jpg"),
(8,"blue","https://c.static-nike.com/a/images/t_PDP_864_v1/f_auto/zijm6ijnbh3uejppz4oj/zoom-fly-running-shoe-1qTbMgEk.jpg"),
(8,"blue","https://c.static-nike.com/a/images/t_PDP_864_v1/f_auto/f41r6dy71v2nq1bueypq/zoom-fly-running-shoe-1qTbMgEk.jpg"),
(8,"blue","https://c.static-nike.com/a/images/t_PDP_864_v1/f_auto/iwwajl1pbzgfpkpkb7ts/zoom-fly-running-shoe-1qTbMgEk.jpg"),
(8,"blue","https://c.static-nike.com/a/images/t_PDP_864_v1/f_auto/wizqb7e3qe0vgtixwwuz/zoom-fly-running-shoe-1qTbMgEk.jpg"),
(8,"blue","https://c.static-nike.com/a/images/t_PDP_864_v1/f_auto/phnvwjmsi4y2vop1kth3/zoom-fly-running-shoe-1qTbMgEk.jpg"),
(8,"gray red","https://c.static-nike.com/a/images/t_PDP_864_v1/f_auto/rj7axy853o6kon5gcyyv/zoom-fly-running-shoe-1qTbMgEk.jpg"),
(8,"gray red","https://c.static-nike.com/a/images/t_PDP_864_v1/f_auto/iqqywycc0y0phiara7wo/zoom-fly-running-shoe-1qTbMgEk.jpg"),
(8,"gray red","https://c.static-nike.com/a/images/t_PDP_864_v1/f_auto/muxt9osvr4djkilfnxnt/zoom-fly-running-shoe-1qTbMgEk.jpg"),
(8,"gray red","https://c.static-nike.com/a/images/t_PDP_864_v1/f_auto/lrufqnb3at4ivppfoxnk/zoom-fly-running-shoe-1qTbMgEk.jpg"),
(8,"gray red","https://c.static-nike.com/a/images/t_PDP_864_v1/f_auto/pmbascmn1vf3dtbrvm98/zoom-fly-running-shoe-1qTbMgEk.jpg"),
(8,"gray red","https://c.static-nike.com/a/images/t_PDP_864_v1/f_auto/kjtpgo4vif4k1lzkdish/zoom-fly-running-shoe-1qTbMgEk.jpg"),
(8,"black","https://c.static-nike.com/a/images/t_PDP_864_v1/f_auto/nji6q4bqgi6kwg1hmuoo/zoom-fly-running-shoe-1qTbMgEk.jpg"),
(8,"black","https://c.static-nike.com/a/images/t_PDP_864_v1/f_auto/n1wy5eulzozssvgbrcsx/zoom-fly-running-shoe-1qTbMgEk.jpg"),
(8,"black","https://c.static-nike.com/a/images/t_PDP_864_v1/f_auto/kxrckoqk4pk5pdmssatv/zoom-fly-running-shoe-1qTbMgEk.jpg"),
(8,"black","https://c.static-nike.com/a/images/t_PDP_864_v1/f_auto/zh0wne6wanp6s4auwiht/zoom-fly-running-shoe-1qTbMgEk.jpg"),
(8,"black","https://c.static-nike.com/a/images/t_PDP_864_v1/f_auto/xzat8i5xhf9kas38hlmv/zoom-fly-running-shoe-1qTbMgEk.jpg"),
(8,"black","https://c.static-nike.com/a/images/t_PDP_864_v1/f_auto/wmlqac4avuncdjd09fux/zoom-fly-running-shoe-1qTbMgEk.jpg"),
(8,"black","https://c.static-nike.com/a/images/t_PDP_864_v1/f_auto/nymvtnbyqnhxyxcjqwvd/zoom-fly-running-shoe-1qTbMgEk.jpg"),
(8,"black","https://c.static-nike.com/a/images/t_PDP_864_v1/f_auto/nddzqfu5jg0iluxrckhu/zoom-fly-running-shoe-1qTbMgEk.jpg"),
(9,"red","https://images.nike.com/is/image/DotCom/PDP_HERO/908019_600_A_PREM/presto-fly-shoe-rcjwkz.jpg"),
(9,"red","https://images.nike.com/is/image/DotCom/PDP_HERO/908019_600_B_PREM/presto-fly-shoe-rcjwkz.jpg"),
(9,"red","https://images.nike.com/is/image/DotCom/PDP_HERO/908019_600_C_PREM/presto-fly-shoe-rcjwkz.jpg"),
(9,"red","https://images.nike.com/is/image/DotCom/PDP_HERO/908019_600_D_PREM/presto-fly-shoe-rcjwkz.jpg"),
(9,"red","https://images.nike.com/is/image/DotCom/PDP_HERO/908019_600_E_PREM/presto-fly-shoe-rcjwkz.jpg"),
(9,"red","https://images.nike.com/is/image/DotCom/PDP_HERO/908019_600_F_PREM/presto-fly-shoe-rcjwkz.jpg"),
(10,"gray white","https://c.static-nike.com/a/images/t_PDP_864_v1/f_auto/vcpggyfpqdqzrvlobpeg/air-zoom-structure-21-running-shoe-0nTgVMDL.jpg"),
(10,"gray white","https://c.static-nike.com/a/images/t_PDP_864_v1/f_auto/u9uyuvurujwrbz7nfhfe/air-zoom-structure-21-running-shoe-0nTgVMDL.jpg"),
(10,"gray white","https://c.static-nike.com/a/images/t_PDP_864_v1/f_auto/mpnuxthfzytzvxcz407f/air-zoom-structure-21-running-shoe-0nTgVMDL.jpg"),
(10,"gray white","https://c.static-nike.com/a/images/t_PDP_864_v1/f_auto/nwmnedcertob10gpyjpt/air-zoom-structure-21-running-shoe-0nTgVMDL.jpg"),
(10,"gray white","https://c.static-nike.com/a/images/t_PDP_864_v1/f_auto/evdxji2seiyfv1splhot/air-zoom-structure-21-running-shoe-0nTgVMDL.jpg"),
(10,"gray white","https://c.static-nike.com/a/images/t_PDP_864_v1/f_auto/alycbvecub2l1lgwtyww/air-zoom-structure-21-running-shoe-0nTgVMDL.jpg"),
(10,"blue white","https://c.static-nike.com/a/images/t_PDP_864_v1/f_auto/phvjj8t7al6usfknbkxo/air-zoom-structure-21-running-shoe-7BTDpWPM.jpg"),
(10,"blue white","https://c.static-nike.com/a/images/t_PDP_864_v1/f_auto/fmno7bnvu9ruvnpnme6m/air-zoom-structure-21-running-shoe-7BTDpWPM.jpg"),
(10,"blue white","https://c.static-nike.com/a/images/t_PDP_864_v1/f_auto/e4qfc8tuhissk2m2blfz/air-zoom-structure-21-running-shoe-7BTDpWPM.jpg"),
(10,"blue white","https://c.static-nike.com/a/images/t_PDP_864_v1/f_auto/zv0omnzymepyqmmjzadd/air-zoom-structure-21-running-shoe-7BTDpWPM.jpg"),
(10,"blue white","https://c.static-nike.com/a/images/t_PDP_864_v1/f_auto/byc1eeolzc9l7xxmi0ix/air-zoom-structure-21-running-shoe-7BTDpWPM.jpg"),
(10,"blue white","https://c.static-nike.com/a/images/t_PDP_864_v1/f_auto/tpmf8i8hhxfxriqglys7/air-zoom-structure-21-running-shoe-7BTDpWPM.jpg"),
(10,"black white","https://c.static-nike.com/a/images/t_PDP_864_v1/f_auto/xnbqongqsofkuohus5ti/air-zoom-structure-21-running-shoe-7BTDpWPM.jpg"),
(10,"black white","https://c.static-nike.com/a/images/t_PDP_864_v1/f_auto/jeiukajuzvpbkxah6uq3/air-zoom-structure-21-running-shoe-7BTDpWPM.jpg"),
(10,"black white","https://c.static-nike.com/a/images/t_PDP_864_v1/f_auto/mu9rfbhuoxcsosej2qg6/air-zoom-structure-21-running-shoe-7BTDpWPM.jpg"),
(10,"black white","https://c.static-nike.com/a/images/t_PDP_864_v1/f_auto/jt1lldpucjbwp2kyjfwm/air-zoom-structure-21-running-shoe-7BTDpWPM.jpg"),
(10,"black white","https://c.static-nike.com/a/images/t_PDP_864_v1/f_auto/usrp2atihpodwrxta1mr/air-zoom-structure-21-running-shoe-7BTDpWPM.jpg"),
(10,"black white","https://c.static-nike.com/a/images/t_PDP_864_v1/f_auto/mazvji1xtfmobjuolhih/air-zoom-structure-21-running-shoe-7BTDpWPM.jpg"),
(11,"black red white","https://c.static-nike.com/a/images/t_PDP_864_v1/f_auto/kl0kjircaiefuuaa9tl2/lebron-witness-ii-basketball-shoe-RRT9eZDz.jpg"),
(11,"black red white","https://c.static-nike.com/a/images/t_PDP_864_v1/f_auto/fcjzi1s2fxjwlfqmjqnj/lebron-witness-ii-basketball-shoe-RRT9eZDz.jpg"),
(11,"black red white","https://c.static-nike.com/a/images/t_PDP_864_v1/f_auto/sdcqxuzkhqxjbralksrt/lebron-witness-ii-basketball-shoe-RRT9eZDz.jpg"),
(11,"black red white","https://c.static-nike.com/a/images/t_PDP_864_v1/f_auto/jllymkuvju5gktbmp2bj/lebron-witness-ii-basketball-shoe-RRT9eZDz.jpg"),
(11,"black red white","https://c.static-nike.com/a/images/t_PDP_864_v1/f_auto/o7hnoz0amfl52836erpf/lebron-witness-ii-basketball-shoe-RRT9eZDz.jpg"),
(11,"black red white","https://c.static-nike.com/a/images/t_PDP_864_v1/f_auto/kvxnhcq9mbjxgob2ufrc/lebron-witness-ii-basketball-shoe-RRT9eZDz.jpg"),
(12,"black","https://c.static-nike.com/a/images/t_PDP_864_v1/f_auto/spii7ymcqlg2pfyegp66/jordan-flight-legend-shoe-mdj1cL.jpg"),
(12,"black","https://c.static-nike.com/a/images/t_PDP_864_v1/f_auto/oennihlohe5zzid0asmu/jordan-flight-legend-shoe-mdj1cL.jpg"),
(12,"black","https://c.static-nike.com/a/images/t_PDP_864_v1/f_auto/ygskfdhafuim6hmmcpc3/jordan-flight-legend-shoe-mdj1cL.jpg"),
(12,"black","https://c.static-nike.com/a/images/t_PDP_864_v1/f_auto/gzdw9s9yehuwqixmdi50/jordan-flight-legend-shoe-mdj1cL.jpg"),
(12,"black","https://c.static-nike.com/a/images/t_PDP_864_v1/f_auto/rjqsv20gmu7rdz1dgj1i/jordan-flight-legend-shoe-mdj1cL.jpg"),
(12,"black","https://c.static-nike.com/a/images/t_PDP_864_v1/f_auto/glkm0ifb1ige0dx4pkjn/jordan-flight-legend-shoe-mdj1cL.jpg"),
(12,"white","https://c.static-nike.com/a/images/t_PDP_864_v1/f_auto/brqao71qkcmvd94lnaxa/jordan-flight-legend-shoe-mdj1cL.jpg"),
(12,"white","https://c.static-nike.com/a/images/t_PDP_864_v1/f_auto/cv8j6xhmqckvjl2oy7o2/jordan-flight-legend-shoe-mdj1cL.jpg"),
(12,"white","https://c.static-nike.com/a/images/t_PDP_864_v1/f_auto/y5sfxhj8bvcevbb5frvs/jordan-flight-legend-shoe-mdj1cL.jpg"),
(12,"white","https://c.static-nike.com/a/images/t_PDP_864_v1/f_auto/d9irinipx2thy9il4jdx/jordan-flight-legend-shoe-mdj1cL.jpg"),
(12,"white","https://c.static-nike.com/a/images/t_PDP_864_v1/f_auto/tbf2r1jkmdfmxhkhvymb/jordan-flight-legend-shoe-mdj1cL.jpg"),
(12,"white","https://c.static-nike.com/a/images/t_PDP_864_v1/f_auto/qlnlfe2w1peeabuwicaa/jordan-flight-legend-shoe-mdj1cL.jpg"),
(13,"black","https://c.static-nike.com/a/images/t_PDP_864_v1/f_auto/gdxw3mcuuuzkcwn2y8ux/air-zoom-vomero-13-running-shoe-2Dt6vw.jpg"),
(13,"black","https://c.static-nike.com/a/images/t_PDP_864_v1/f_auto/gz0pq0ve75aaz7fne5gm/air-zoom-vomero-13-running-shoe-2Dt6vw.jpg"),
(13,"black","https://c.static-nike.com/a/images/t_PDP_864_v1/f_auto/atoqkxxgfmnuaexg4llw/air-zoom-vomero-13-running-shoe-2Dt6vw.jpg"),
(13,"black","https://c.static-nike.com/a/images/t_PDP_864_v1/f_auto/nkpm3h1b5ebdzzfzuoih/air-zoom-vomero-13-running-shoe-2Dt6vw.jpg"),
(13,"black","https://c.static-nike.com/a/images/t_PDP_864_v1/f_auto/btehbo1w6sgawhe1pxfa/air-zoom-vomero-13-running-shoe-2Dt6vw.jpg"),
(13,"black","https://c.static-nike.com/a/images/t_PDP_864_v1/f_auto/tnqda8acishjmwtoxgko/air-zoom-vomero-13-running-shoe-2Dt6vw.jpg"),
(13,"black","https://c.static-nike.com/a/images/t_PDP_864_v1/f_auto/ffjt3xvqb4ypp7tweffj/air-zoom-vomero-13-running-shoe-2Dt6vw.jpg"),
(13,"red","https://c.static-nike.com/a/images/t_PDP_864_v1/f_auto/qbf2ch5w3qmo5puk6zda/air-zoom-vomero-13-running-shoe-XPTbVjpN.jpg"),
(13,"red","https://c.static-nike.com/a/images/t_PDP_864_v1/f_auto/he8ea3zrxv0vndyuactz/air-zoom-vomero-13-running-shoe-XPTbVjpN.jpg"),
(13,"red","https://c.static-nike.com/a/images/t_PDP_864_v1/f_auto/aroq27xly9fnhagn6iwv/air-zoom-vomero-13-running-shoe-XPTbVjpN.jpg"),
(13,"red","https://c.static-nike.com/a/images/t_PDP_864_v1/f_auto/tb8haqe9hvbommgwvdyu/air-zoom-vomero-13-running-shoe-XPTbVjpN.jpg"),
(13,"red","https://c.static-nike.com/a/images/t_PDP_864_v1/f_auto/oqkf54bxcjjxbvmmutda/air-zoom-vomero-13-running-shoe-XPTbVjpN.jpg"),
(13,"red","https://c.static-nike.com/a/images/t_PDP_864_v1/f_auto/vsju5hryjqrb1d4eezoh/air-zoom-vomero-13-running-shoe-XPTbVjpN.jpg"),
(13,"red","https://c.static-nike.com/a/images/t_PDP_864_v1/f_auto/pae2ekig4pvbv8nzdubz/air-zoom-vomero-13-running-shoe-XPTbVjpN.jpg"),
(13,"blue","https://c.static-nike.com/a/images/t_PDP_864_v1/f_auto/tgskrr4k4gnk40cxqo6x/air-zoom-vomero-13-running-shoe-XPTbVjpN.jpg"),
(13,"blue","https://c.static-nike.com/a/images/t_PDP_864_v1/f_auto/hvokph1wqfpw4azmrdh4/air-zoom-vomero-13-running-shoe-XPTbVjpN.jpg"),
(13,"blue","https://c.static-nike.com/a/images/t_PDP_864_v1/f_auto/lyzib7sl6agay5zsoyns/air-zoom-vomero-13-running-shoe-XPTbVjpN.jpg"),
(13,"blue","https://c.static-nike.com/a/images/t_PDP_864_v1/f_auto/a4g4rc0rdm8jf6z8hjhs/air-zoom-vomero-13-running-shoe-XPTbVjpN.jpg"),
(13,"blue","https://c.static-nike.com/a/images/t_PDP_864_v1/f_auto/ij4ghgp5ohuiwjc4vjme/air-zoom-vomero-13-running-shoe-XPTbVjpN.jpg"),
(13,"blue","https://c.static-nike.com/a/images/t_PDP_864_v1/f_auto/urbxdyneyvlnm8qtkfra/air-zoom-vomero-13-running-shoe-XPTbVjpN.jpg"),
(13,"blue","https://c.static-nike.com/a/images/t_PDP_864_v1/f_auto/gpo7uvev9feqhrkx3tym/air-zoom-vomero-13-running-shoe-XPTbVjpN.jpg"),
(14,"black white spotted","https://c.static-nike.com/a/images/t_PDP_864_v1/f_auto/abzbhicuoug0m8wwur2a/flex-2018-rn-running-shoe-1n4G43.jpg"),
(14,"black white spotted","https://c.static-nike.com/a/images/t_PDP_864_v1/f_auto/woaycebbzfdbnwwsikkq/flex-2018-rn-running-shoe-1n4G43.jpg"),
(14,"black white spotted","https://c.static-nike.com/a/images/t_PDP_864_v1/f_auto/foiwl3u5gngfhg83zi2x/flex-2018-rn-running-shoe-1n4G43.jpg"),
(14,"black white spotted","https://c.static-nike.com/a/images/t_PDP_864_v1/f_auto/wdppjkhofzdorrlz41bx/flex-2018-rn-running-shoe-1n4G43.jpg"),
(14,"black white spotted","https://c.static-nike.com/a/images/t_PDP_864_v1/f_auto/rlhj2pw6xnxkz50qaihm/flex-2018-rn-running-shoe-1n4G43.jpg"),
(14,"black white spotted","https://c.static-nike.com/a/images/t_PDP_864_v1/f_auto/hjzobv3xrevdy8x18ubj/flex-2018-rn-running-shoe-1n4G43.jpg"),
(14,"red gray spotted","https://c.static-nike.com/a/images/t_PDP_864_v1/f_auto/rq456xlfsed8v1jeyfvh/flex-2018-rn-running-shoe-1n4G43.jpg"),
(14,"red gray spotted","https://c.static-nike.com/a/images/t_PDP_864_v1/f_auto/gubd7xfcksvky7z64ek5/flex-2018-rn-running-shoe-1n4G43.jpg"),
(14,"red gray spotted","https://c.static-nike.com/a/images/t_PDP_864_v1/f_auto/uxrbsyi0qgx0peki2fbk/flex-2018-rn-running-shoe-1n4G43.jpg"),
(14,"red gray spotted","https://c.static-nike.com/a/images/t_PDP_864_v1/f_auto/hxj3syhfo5vg8coujxda/flex-2018-rn-running-shoe-1n4G43.jpg"),
(14,"red gray spotted","https://c.static-nike.com/a/images/t_PDP_864_v1/f_auto/qgs5agvzkrxlkwcetsqs/flex-2018-rn-running-shoe-1n4G43.jpg"),
(14,"red gray spotted","https://c.static-nike.com/a/images/t_PDP_864_v1/f_auto/lr1vcqs4epeau9omj8rg/flex-2018-rn-running-shoe-1n4G43.jpg"),
(14,"red gray spotted","https://c.static-nike.com/a/images/t_PDP_864_v1/f_auto/nokptldl0bot7xddzago/flex-2018-rn-running-shoe-1n4G43.jpg"),
(14,"blue spotted","https://c.static-nike.com/a/images/t_PDP_864_v1/f_auto/twbiaf3toedmndbbvlyd/flex-2018-rn-running-shoe-1n4G43.jpg"),
(14,"blue spotted","https://c.static-nike.com/a/images/t_PDP_864_v1/f_auto/lb9vlbh0ibxx8slb2uqb/flex-2018-rn-running-shoe-1n4G43.jpg"),
(14,"blue spotted","https://c.static-nike.com/a/images/t_PDP_864_v1/f_auto/pt2lgzm7hstjaw59x8mc/flex-2018-rn-running-shoe-1n4G43.jpg"),
(14,"blue spotted","https://c.static-nike.com/a/images/t_PDP_864_v1/f_auto/aket04pogp4kp65ptjly/flex-2018-rn-running-shoe-1n4G43.jpg"),
(14,"blue spotted","https://c.static-nike.com/a/images/t_PDP_864_v1/f_auto/g3up7ekhi3tglrbeitjg/flex-2018-rn-running-shoe-1n4G43.jpg"),
(14,"blue spotted","https://c.static-nike.com/a/images/t_PDP_864_v1/f_auto/p9faunrgggduy99fmq6d/flex-2018-rn-running-shoe-1n4G43.jpg"),
(14,"blue spotted","https://c.static-nike.com/a/images/t_PDP_864_v1/f_auto/du3bsc9f6jly4wyugnr4/flex-2018-rn-running-shoe-1n4G43.jpg"),
(15,"white gold","https://c.static-nike.com/a/images/t_PDP_864_v1/f_auto/ckzf3jl46ha9zfosda4d/tiempox-lunar-legend-vii-pro-10r-artificial-football-shoe-P0V79p.jpg"),
(15,"white gold","https://c.static-nike.com/a/images/t_PDP_864_v1/f_auto/im5ejz1alepdruriek1q/tiempox-lunar-legend-vii-pro-10r-artificial-football-shoe-P0V79p.jpg"),
(15,"white gold","https://c.static-nike.com/a/images/t_PDP_864_v1/f_auto/x5zuaace70lubr7uuyub/tiempox-lunar-legend-vii-pro-10r-artificial-football-shoe-P0V79p.jpg"),
(15,"white gold","https://c.static-nike.com/a/images/t_PDP_864_v1/f_auto/mvkhpfcmh52pkdbt9jhn/tiempox-lunar-legend-vii-pro-10r-artificial-football-shoe-P0V79p.jpg"),
(15,"white gold","https://c.static-nike.com/a/images/t_PDP_864_v1/f_auto/fg1uii4rxrzfts3tgkdn/tiempox-lunar-legend-vii-pro-10r-artificial-football-shoe-P0V79p.jpg"),
(15,"white gold","https://c.static-nike.com/a/images/t_PDP_864_v1/f_auto/xvca9fbiffnuljoutrfp/tiempox-lunar-legend-vii-pro-10r-artificial-football-shoe-P0V79p.jpg"),
(15,"white gold","https://c.static-nike.com/a/images/t_PDP_864_v1/f_auto/s1gc8zk1d4u0eaj0hei5/tiempox-lunar-legend-vii-pro-10r-artificial-football-shoe-P0V79p.jpg"),
(16,"orange gray","https://c.static-nike.com/a/images/t_PDP_864_v1/f_auto/amoab8181lrrhapzyml3/hypervenom-phantom-iii-elite-football-boot-XBZ6Pm.jpg"),
(16,"orange gray","https://c.static-nike.com/a/images/t_PDP_864_v1/f_auto/vghdhbqtdxllnws6ujed/hypervenom-phantom-iii-elite-football-boot-XBZ6Pm.jpg"),
(16,"orange gray","https://c.static-nike.com/a/images/t_PDP_864_v1/f_auto/o0nugap7751ymjrcdq8f/hypervenom-phantom-iii-elite-football-boot-XBZ6Pm.jpg"),
(16,"orange gray","https://c.static-nike.com/a/images/t_PDP_864_v1/f_auto/gsfnr6rjlwulgk5jioz7/hypervenom-phantom-iii-elite-football-boot-XBZ6Pm.jpg"),
(16,"orange gray","https://c.static-nike.com/a/images/t_PDP_864_v1/f_auto/cp5aukdlc5pouulrd8bf/hypervenom-phantom-iii-elite-football-boot-XBZ6Pm.jpg"),
(16,"orange gray","https://c.static-nike.com/a/images/t_PDP_864_v1/f_auto/blqfk6fnipvkonpohbl9/hypervenom-phantom-iii-elite-football-boot-XBZ6Pm.jpg"),
(16,"orange gray","https://c.static-nike.com/a/images/t_PDP_864_v1/f_auto/ft2bsoahyeki6swy2e6y/hypervenom-phantom-iii-elite-football-boot-XBZ6Pm.jpg"),
(16,"orange gray","https://c.static-nike.com/a/images/t_PDP_864_v1/f_auto/rch12mooatkklzx1i2p0/hypervenom-phantom-iii-elite-football-boot-XBZ6Pm.jpg"),
(16,"orange gray","https://c.static-nike.com/a/images/t_PDP_864_v1/f_auto/pan4ct9h9fjcmyjrzcl4/hypervenom-phantom-iii-elite-football-boot-XBZ6Pm.jpg"),
(16,"orange gray","https://c.static-nike.com/a/images/t_PDP_864_v1/f_auto/xetebad3ymxjxzwnwnyz/hypervenom-phantom-iii-elite-football-boot-XBZ6Pm.jpg");
